{
  "theta0": 8008.435142272762,
  "theta1": -4656.579064416015,
  "x_min": 22899.0,
  "x_max": 240000.0
}